{"Carreras":[{"id":1,"nombre":"Ingeniería en Sistemas Computacionales","años":4.5,"creditos":260,"especialidades":[{"nombre":"Desarrollo de Aplicaciones Empresariales","materias":["Bases de Datos Avanzadas","Ciencia de Datos","Computo y Servicios en la Nube","Desarrollo de Aplicaciones para dispositivos Moviles","Desarrollo de aplicaciones Empresariales","Laboratorio para despliegue de aplicaciones Empresariales"]},{"nombre":"Redes Convergentes de Alta Disponibilidad con Tecnologias Emergentes","materias":["Diseño de Redes","Redes Inalámbricas","Seguridad en Redes","Infraestructura para despliegue de Aplicaciones","Fundamentos de IoT"]}]},{"id":2,"nombre":"Ingeniería Industrial","años":4.5,"creditos":260,"especialidades":[{"nombre":"Manufactura en Artículos de Piel","materias":["Diseño y Modelado","Diseño asistido por Computadora","Tecnología y Taller I","Temas selectos de Manufactura","Core Tools"]},{"nombre":"Ingeniería en manufactura y calidad","materias":["Diseño asistido por Computadora","Medición y Mejoramiento de la Productividad","Temas selectos de Manufactura","Core Tools","Sistemas Neumáticos e Hidráulicos"]}]},{"id":3,"nombre":"Ingeniería en Tecnologías de la Información y Comunicaciones","años":4.5,"creditos":260,"especialidades":[{"nombre":"Gestión de Servicios de T.I. en Ambientes Empresariales","materias":["Seguridad Informatica","Administracion de servidores","Gestión de Sistemas VoIP","Estrategias de Gestión de Serv. de TI","Virtualización & IoT"]}]},{"id":4,"nombre":"Ingeniería en Gestión Empresarial","años":4.5,"creditos":260,"especialidades":[{"nombre":"Gestión de la calidad e innovación de procesos","materias":["Seminario de innovacion de procesos","Calidad aplicada a la gestion empresarial II","Seminario de consultoria organizacional","Gestion del conocimiento","Seminario de calidad","Seminario de gestion estrategica","Estrategias financieras y costos de calidad"]}]},{"id":5,"nombre":"Ingeniería Electrónica","años":4.5,"creditos":260,"especialidades":[{"materias":["Control II","Amplificadores Operacionales","Instrumentacion","Optoelectronica","Introduccion a las Telecomunicaciones","Taller de Investigacion II"]}]},{"id":6,"nombre":"Ingeniería Electromecanica","años":4.5,"creditos":260,"especialidades":[{"materias":["Ingenieria de Control Fisico","Refrigeracion y Aire Acondicionado","Subestaciones Electricas","Sistemas Hidraulicos y Neumaticos de Potencia","Formulacion y Evaluacion de Proyectos","Taller de Investigacion II"]}]},{"id":7,"nombre":"Ingeniería Mecatronica","años":4.5,"creditos":260,"especialidades":[{"materias":["Microcontroladores","Programacion Avanzada","Control","Formulacion y Evaluacion de Proyectos","Controladores Logicos Programables","Robotica"]}]}]}